,0
0,veh_3514
1,veh_5487
2,veh_812
3,veh_3224
4,veh_2891
5,veh_515
6,veh_3833
7,veh_1357
8,veh_4380
9,veh_3583
10,veh_1067
11,veh_1817
12,veh_5498
13,veh_1971
14,veh_2983
15,veh_5564
16,veh_4004
17,veh_1663
18,veh_5578
19,veh_5457
20,veh_3002
21,veh_1865
22,veh_3752
23,veh_1499
24,veh_333
25,veh_5558
26,veh_3993
27,veh_1169
28,veh_3781
29,veh_3405
30,veh_5665
31,veh_1646
32,veh_190
33,veh_4389
34,veh_3837
35,veh_1787
36,veh_4460
37,veh_1443
38,veh_5723
39,veh_891
40,veh_2065
41,veh_1312
42,veh_2342
43,veh_760
44,veh_8
45,veh_2572
46,veh_135
47,veh_5210
48,veh_2103
49,veh_2384
50,veh_4248
51,veh_4490
52,veh_975
53,veh_1591
54,veh_2392
55,veh_3122
56,veh_2616
57,veh_5395
58,veh_1868
59,veh_1896
60,veh_2926
61,veh_5074
62,veh_3979
63,veh_980
64,veh_2406
65,veh_3080
66,veh_3753
67,veh_3001
68,veh_3972
69,veh_4883
70,veh_2296
71,veh_3859
72,veh_2694
73,veh_97
74,veh_447
75,veh_1170
76,veh_3684
77,veh_5340
78,veh_614
79,veh_1867
80,veh_5746
81,veh_206
82,veh_3034
83,veh_1035
84,veh_1681
85,veh_1116
86,veh_5181
87,veh_4124
88,veh_2710
89,veh_2845
90,veh_2761
91,veh_2395
92,veh_5692
93,veh_3919
94,veh_5622
95,veh_1650
96,veh_3268
97,veh_603
98,veh_1845
99,veh_1980
100,veh_2469
101,veh_2456
102,veh_3397
103,veh_2651
104,veh_51
105,veh_4598
106,veh_4840
107,veh_1356
108,veh_811
109,veh_3982
110,veh_3342
111,veh_5055
112,veh_3835
113,veh_3076
114,veh_3249
115,veh_4253
116,veh_200
117,veh_2443
118,veh_390
119,veh_359
120,veh_1652
121,veh_5769
122,veh_847
123,veh_2814
124,veh_1638
125,veh_1153
126,veh_806
127,veh_609
128,veh_1091
129,veh_4496
130,veh_2192
131,veh_1714
132,veh_4563
133,veh_2790
134,veh_838
135,veh_1723
136,veh_5175
137,veh_426
138,veh_1300
139,veh_1269
140,veh_2998
141,veh_4842
142,veh_1380
143,veh_699
144,veh_4003
145,veh_2289
146,veh_1841
147,veh_1771
148,veh_2223
149,veh_5014
150,veh_132
151,veh_5081
152,veh_162
153,veh_1945
154,veh_1179
155,veh_5004
156,veh_4346
157,veh_4277
158,veh_3593
159,veh_1904
160,veh_3914
161,veh_1374
162,veh_2165
163,veh_4247
164,veh_3328
165,veh_25
166,veh_5351
167,veh_259
168,veh_3751
169,veh_4964
170,veh_508
171,veh_5540
172,veh_3181
173,veh_562
174,veh_3960
175,veh_2279
176,veh_5228
177,veh_1790
178,veh_197
179,veh_3457
180,veh_863
181,veh_2388
182,veh_1754
183,veh_2702
184,veh_1886
185,veh_2773
186,veh_1824
187,veh_72
188,veh_1829
189,veh_4771
190,veh_4956
191,veh_1143
192,veh_312
193,veh_4465
194,veh_4095
195,veh_3878
196,veh_1232
197,veh_5313
198,veh_5083
199,veh_1250
200,veh_3099
201,veh_3478
202,veh_1606
203,veh_4932
204,veh_4937
205,veh_1933
206,veh_2810
207,veh_885
208,veh_2085
209,veh_2562
210,veh_3294
211,veh_2631
212,veh_3976
213,veh_3552
214,veh_5050
215,veh_1758
216,veh_1484
217,veh_1160
218,veh_2377
219,veh_5289
220,veh_3469
221,veh_2335
222,veh_1021
223,veh_2142
224,veh_1059
225,veh_3686
226,veh_5133
227,veh_3319
228,veh_1389
229,veh_3907
230,veh_1852
231,veh_2159
232,veh_2132
233,veh_4355
234,veh_620
235,veh_2833
236,veh_4437
237,veh_4284
238,veh_752
239,veh_1423
240,veh_1189
241,veh_3921
242,veh_3594
243,veh_4159
244,veh_4439
245,veh_1253
246,veh_1589
247,veh_1027
248,veh_3465
249,veh_5599
250,veh_82
251,veh_2558
252,veh_626
253,veh_722
254,veh_3327
255,veh_5429
256,veh_4226
257,veh_4423
258,veh_1753
259,veh_3762
260,veh_3060
261,veh_3149
262,veh_4512
263,veh_5456
264,veh_4261
265,veh_3362
266,veh_3777
267,veh_23
268,veh_5135
269,veh_3663
270,veh_2326
271,veh_3669
272,veh_2343
273,veh_1548
274,veh_2011
275,veh_521
276,veh_4741
277,veh_5283
278,veh_270
279,veh_488
280,veh_2166
281,veh_5576
282,veh_245
283,veh_260
284,veh_1916
285,veh_3765
286,veh_5333
287,veh_4100
288,veh_1794
289,veh_4076
290,veh_2413
291,veh_2557
292,veh_1978
293,veh_621
294,veh_5218
295,veh_4047
296,veh_5209
297,veh_3574
298,veh_5120
299,veh_2946
300,veh_2037
301,veh_1030
302,veh_5215
303,veh_421
304,veh_1701
305,veh_1656
306,veh_3482
307,veh_3728
308,veh_3404
309,veh_358
310,veh_2582
311,veh_5387
312,veh_2246
313,veh_1810
314,veh_1549
315,veh_2863
316,veh_1004
317,veh_4435
318,veh_1142
319,veh_3561
320,veh_5557
321,veh_4
322,veh_4022
323,veh_1251
324,veh_2988
325,veh_5185
326,veh_957
327,veh_3318
328,veh_3761
329,veh_1595
330,veh_5385
331,veh_1419
332,veh_2092
333,veh_745
334,veh_86
335,veh_3647
336,veh_2737
337,veh_3995
338,veh_5518
339,veh_2885
340,veh_3996
341,veh_454
342,veh_1306
343,veh_3139
344,veh_3418
345,veh_1807
346,veh_1527
347,veh_4228
348,veh_4416
349,veh_1073
350,veh_970
351,veh_5265
352,veh_3019
353,veh_3018
354,veh_5235
355,veh_778
356,veh_4702
357,veh_3050
358,veh_2748
359,veh_1905
360,veh_351
361,veh_4532
362,veh_3566
363,veh_4595
364,veh_3732
365,veh_3784
366,veh_4119
367,veh_4897
368,veh_2823
369,veh_4615
370,veh_298
371,veh_3083
372,veh_1104
373,veh_406
374,veh_5116
375,veh_1063
376,veh_2566
377,veh_4103
378,veh_1246
379,veh_275
380,veh_4706
381,veh_2900
382,veh_3127
383,veh_2934
384,veh_5585
385,veh_5634
386,veh_4663
387,veh_2047
388,veh_5280
389,veh_5182
390,veh_5139
391,veh_2862
392,veh_1382
393,veh_3909
394,veh_4246
395,veh_467
396,veh_2771
397,veh_1491
398,veh_1370
399,veh_1823
400,veh_2386
401,veh_1472
402,veh_2297
403,veh_1880
404,veh_3544
405,veh_1846
406,veh_4584
407,veh_1815
408,veh_4988
409,veh_2300
410,veh_2933
411,veh_2195
412,veh_4843
413,veh_1664
414,veh_5068
415,veh_3082
416,veh_645
417,veh_2961
418,veh_5502
419,veh_3038
420,veh_1186
421,veh_4730
422,veh_2654
423,veh_3014
424,veh_4878
425,veh_5750
426,veh_1594
427,veh_5098
428,veh_4306
429,veh_2529
430,veh_4826
431,veh_1433
432,veh_4677
433,veh_4907
434,veh_2586
435,veh_3361
436,veh_2531
437,veh_4207
438,veh_881
439,veh_4998
440,veh_799
441,veh_5197
442,veh_2762
443,veh_1599
444,veh_4694
445,veh_2807
446,veh_1866
447,veh_4059
448,veh_1441
449,veh_3964
450,veh_4202
451,veh_4726
452,veh_2726
453,veh_1579
454,veh_2409
455,veh_4559
456,veh_4221
457,veh_5403
458,veh_5111
459,veh_1593
460,veh_2442
461,veh_1625
462,veh_782
463,veh_2784
464,veh_935
465,veh_1557
466,veh_1247
467,veh_4482
468,veh_833
469,veh_3284
470,veh_5117
471,veh_2453
472,veh_176
473,veh_318
474,veh_3475
475,veh_3775
476,veh_4385
477,veh_729
478,veh_1049
479,veh_1774
480,veh_375
481,veh_5144
482,veh_3480
483,veh_1353
484,veh_762
485,veh_3302
486,veh_898
487,veh_3821
488,veh_1831
489,veh_3483
490,veh_4116
491,veh_2844
492,veh_4093
493,veh_1891
494,veh_2721
495,veh_4515
496,veh_2768
497,veh_334
498,veh_218
499,veh_3799
500,veh_4194
501,veh_37
502,veh_3198
503,veh_2728
504,veh_4029
505,veh_2415
506,veh_3887
507,veh_1326
508,veh_3699
509,veh_1627
510,veh_1530
511,veh_414
512,veh_1176
513,veh_5767
514,veh_5204
515,veh_1736
516,veh_5151
517,veh_766
518,veh_5229
519,veh_4010
520,veh_1378
521,veh_487
522,veh_3448
523,veh_3565
524,veh_1570
525,veh_3289
526,veh_2309
527,veh_2234
528,veh_1434
529,veh_1384
530,veh_4667
531,veh_1699
532,veh_582
533,veh_1854
534,veh_1072
535,veh_5573
536,veh_4140
537,veh_2322
538,veh_2541
539,veh_1078
540,veh_2007
541,veh_4624
542,veh_2201
543,veh_574
544,veh_3769
545,veh_90
546,veh_4014
547,veh_5164
548,veh_2668
549,veh_3616
550,veh_1318
551,veh_5736
552,veh_3576
553,veh_3788
554,veh_911
555,veh_3871
556,veh_362
557,veh_769
558,veh_317
559,veh_5682
560,veh_4520
561,veh_668
562,veh_787
563,veh_902
564,veh_2543
565,veh_2982
566,veh_1682
567,veh_675
568,veh_3774
569,veh_1019
570,veh_34
571,veh_5078
572,veh_2869
573,veh_5130
574,veh_5416
575,veh_1488
576,veh_3990
577,veh_3492
578,veh_5758
579,veh_4525
580,veh_1055
581,veh_662
582,veh_2232
583,veh_117
584,veh_2967
585,veh_2778
586,veh_3662
587,veh_2816
588,veh_61
589,veh_4718
590,veh_2299
591,veh_4188
592,veh_2256
593,veh_400
594,veh_5551
595,veh_1197
596,veh_2156
597,veh_2363
598,veh_1999
599,veh_3213
600,veh_5609
601,veh_4321
602,veh_5620
603,veh_1897
604,veh_1341
605,veh_3350
606,veh_2611
607,veh_2421
608,veh_228
609,veh_835
610,veh_5778
611,veh_979
612,veh_3272
613,veh_4381
614,veh_2766
615,veh_31
616,veh_165
617,veh_3403
618,veh_5774
619,veh_4229
620,veh_3931
621,veh_3033
622,veh_4438
623,veh_2598
624,veh_1632
625,veh_2608
626,veh_967
627,veh_262
628,veh_1825
629,veh_4154
630,veh_4497
631,veh_1130
632,veh_3708
633,veh_5115
634,veh_4222
635,veh_4622
636,veh_3262
637,veh_3621
638,veh_4962
639,veh_209
640,veh_181
641,veh_882
642,veh_2724
643,veh_484
644,veh_1878
645,veh_1504
646,veh_4173
647,veh_2657
648,veh_1898
649,veh_5093
650,veh_4578
651,veh_4617
652,veh_316
653,veh_107
654,veh_4336
655,veh_4524
656,veh_4147
657,veh_4340
658,veh_4737
659,veh_4508
660,veh_5267
661,veh_4676
662,veh_5752
663,veh_756
664,veh_3672
665,veh_3941
666,veh_5517
667,veh_2510
668,veh_4083
669,veh_5776
670,veh_3865
671,veh_2137
672,veh_892
673,veh_1863
674,veh_2870
675,veh_1449
676,veh_1799
677,veh_630
678,veh_2055
679,veh_3850
680,veh_2828
681,veh_2693
682,veh_4898
683,veh_2243
684,veh_4745
685,veh_4722
686,veh_4199
687,veh_2643
688,veh_718
689,veh_17
690,veh_2864
691,veh_4766
692,veh_5216
693,veh_2666
694,veh_2684
695,veh_2533
696,veh_1454
697,veh_5281
698,veh_3517
699,veh_3720
700,veh_105
701,veh_2086
702,veh_3526
703,veh_3860
704,veh_310
705,veh_3468
706,veh_2514
707,veh_4797
708,veh_4610
709,veh_83
710,veh_1508
711,veh_5184
712,veh_2494
713,veh_1858
714,veh_1385
715,veh_2293
716,veh_5530
717,veh_4329
718,veh_337
719,veh_2974
720,veh_4060
721,veh_2073
722,veh_1628
723,veh_1048
724,veh_1002
725,veh_1833
726,veh_2765
727,veh_1463
728,veh_4690
729,veh_2801
730,veh_1969
731,veh_4292
732,veh_807
733,veh_3661
734,veh_2261
735,veh_3449
736,veh_3459
737,veh_5150
738,veh_2518
739,veh_136
740,veh_2281
741,veh_4431
742,veh_3039
743,veh_5753
744,veh_5615
745,veh_2371
746,veh_2170
747,veh_1914
748,veh_3506
749,veh_4577
750,veh_1778
751,veh_4484
752,veh_4058
753,veh_3058
754,veh_2451
755,veh_5522
756,veh_5223
757,veh_3938
758,veh_1501
759,veh_2591
760,veh_3702
761,veh_3717
762,veh_4408
763,veh_1343
764,veh_5602
765,veh_5321
766,veh_1644
767,veh_2070
768,veh_771
769,veh_5440
770,veh_1439
771,veh_5418
772,veh_3977
773,veh_4105
774,veh_4396
775,veh_2071
776,veh_3371
777,veh_3183
778,veh_5533
779,veh_4992
780,veh_5673
781,veh_1649
782,veh_1903
783,veh_152
784,veh_4187
785,veh_4238
786,veh_5287
787,veh_1486
788,veh_473
789,veh_4394
790,veh_3874
791,veh_3274
792,veh_4943
793,veh_3607
794,veh_3805
795,veh_4152
796,veh_984
797,veh_2875
798,veh_3280
799,veh_2035
800,veh_941
801,veh_1849
802,veh_5214
803,veh_511
804,veh_5108
805,veh_5510
806,veh_947
807,veh_5650
808,veh_3980
809,veh_704
810,veh_4981
811,veh_1690
812,veh_5606
813,veh_744
814,veh_921
815,veh_4344
816,veh_501
817,veh_2732
818,veh_954
819,veh_2236
820,veh_4876
821,veh_3966
822,veh_5759
823,veh_4886
824,veh_1908
825,veh_4201
826,veh_122
827,veh_4661
828,veh_4974
829,veh_1851
830,veh_3627
831,veh_2826
832,veh_4249
833,veh_2426
834,veh_2592
835,veh_5212
836,veh_2444
837,veh_4829
838,veh_3614
839,veh_3422
840,veh_167
841,veh_4808
842,veh_5407
843,veh_1930
844,veh_1995
845,veh_1800
846,veh_4579
847,veh_1319
848,veh_987
849,veh_1013
850,veh_2898
851,veh_4107
852,veh_5294
853,veh_547
854,veh_4701
855,veh_3968
856,veh_623
857,veh_3463
858,veh_764
859,veh_2174
860,veh_1396
861,veh_2231
862,veh_3830
863,veh_1126
864,veh_4849
865,veh_3470
866,veh_629
867,veh_1797
868,veh_4652
869,veh_3542
870,veh_4065
871,veh_1835
872,veh_4642
873,veh_5543
874,veh_2811
875,veh_2866
876,veh_151
877,veh_5269
878,veh_4005
879,veh_216
880,veh_4547
881,veh_3875
882,veh_1076
883,veh_302
884,veh_2178
885,veh_4096
886,veh_3338
887,veh_339
888,veh_5173
889,veh_145
890,veh_4971
891,veh_4191
892,veh_3822
893,veh_5190
894,veh_907
895,veh_5594
896,veh_5484
897,veh_3048
898,veh_5632
899,veh_3285
900,veh_779
901,veh_62
902,veh_5605
903,veh_1467
904,veh_1194
905,veh_1580
906,veh_4181
907,veh_1041
908,veh_328
909,veh_3330
910,veh_499
911,veh_3238
912,veh_851
913,veh_3194
914,veh_3157
915,veh_566
916,veh_1704
917,veh_2141
918,veh_4660
919,veh_742
920,veh_3409
921,veh_2538
922,veh_3416
923,veh_1709
924,veh_314
925,veh_2595
926,veh_3051
927,veh_4855
928,veh_1801
929,veh_2671
930,veh_2912
931,veh_5282
932,veh_2670
933,veh_550
934,veh_717
935,veh_4341
936,veh_1517
937,veh_2162
938,veh_736
939,veh_431
940,veh_3067
941,veh_5290
942,veh_5047
943,veh_4276
944,veh_3160
945,veh_556
946,veh_3063
947,veh_2733
948,veh_3072
949,veh_2008
950,veh_2963
951,veh_4104
952,veh_2938
953,veh_1297
954,veh_4283
955,veh_2077
956,veh_2711
957,veh_4421
958,veh_5105
959,veh_5029
960,veh_2552
961,veh_2930
962,veh_451
963,veh_4649
964,veh_4955
965,veh_656
966,veh_3077
967,veh_2318
968,veh_3084
969,veh_1425
970,veh_3674
971,veh_5225
972,veh_3106
973,veh_3260
974,veh_5444
975,veh_2276
976,veh_2614
977,veh_2628
978,veh_5339
979,veh_1493
980,veh_2036
981,veh_4009
982,veh_5359
983,veh_4817
984,veh_3929
985,veh_679
986,veh_1397
987,veh_5087
988,veh_4545
989,veh_352
990,veh_5279
991,veh_3819
992,veh_1745
993,veh_5663
994,veh_1635
995,veh_3730
996,veh_5366
997,veh_3293
998,veh_5548
999,veh_1781
1000,veh_5478
1001,veh_5036
1002,veh_791
1003,veh_2176
1004,veh_5315
1005,veh_2125
1006,veh_4728
1007,veh_3519
1008,veh_4724
1009,veh_3637
1010,veh_3030
1011,veh_3820
1012,veh_3780
1013,veh_1001
1014,veh_572
1015,veh_139
1016,veh_5683
1017,veh_413
1018,veh_5501
1019,veh_4500
1020,veh_2581
1021,veh_2927
1022,veh_3209
1023,veh_3587
1024,veh_4587
1025,veh_95
1026,veh_341
1027,veh_2133
1028,veh_3389
1029,veh_4372
1030,veh_5737
1031,veh_1622
1032,veh_5274
1033,veh_409
1034,veh_1029
1035,veh_1524
1036,veh_4756
1037,veh_4827
1038,veh_3089
1039,veh_5547
1040,veh_3347
1041,veh_1620
1042,veh_4275
1043,veh_291
1044,veh_4941
1045,veh_585
1046,veh_3381
1047,veh_3356
1048,veh_955
1049,veh_1097
1050,veh_2068
1051,veh_1070
1052,veh_5521
1053,veh_5109
1054,veh_1820
1055,veh_420
1056,veh_3908
1057,veh_5717
1058,veh_2330
1059,veh_1941
1060,veh_777
1061,veh_5526
1062,veh_5733
1063,veh_3065
1064,veh_1
1065,veh_497
1066,veh_2423
1067,veh_3609
1068,veh_2744
1069,veh_555
1070,veh_2312
1071,veh_1981
1072,veh_4946
1073,veh_912
1074,veh_864
1075,veh_2817
1076,veh_999
1077,veh_2067
1078,veh_5082
1079,veh_1990
1080,veh_1893
1081,veh_2760
1082,veh_5492
1083,veh_4939
1084,veh_4966
1085,veh_1198
1086,veh_3688
1087,veh_4330
1088,veh_1099
1089,veh_932
1090,veh_5373
1091,veh_1782
1092,veh_2714
1093,veh_4831
1094,veh_2819
1095,veh_4477
1096,veh_3660
1097,veh_2775
1098,veh_5119
1099,veh_4471
1100,veh_1541
1101,veh_4989
1102,veh_5496
1103,veh_2861
1104,veh_664
1105,veh_3477
1106,veh_2570
1107,veh_3766
1108,veh_3264
1109,veh_1718
1110,veh_4224
1111,veh_4192
1112,veh_3367
1113,veh_3721
1114,veh_2179
1115,veh_3195
1116,veh_4980
1117,veh_4645
1118,veh_3767
1119,veh_1686
1120,veh_691
1121,veh_5168
1122,veh_5221
1123,veh_1424
1124,veh_3242
1125,veh_2683
1126,veh_2487
1127,veh_5419
1128,veh_4412
1129,veh_4566
1130,veh_3402
1131,veh_3502
1132,veh_4498
1133,veh_3355
1134,veh_3321
1135,veh_1498
1136,veh_2685
1137,veh_3236
1138,veh_4866
1139,veh_5443
1140,veh_989
1141,veh_4773
1142,veh_1879
1143,veh_42
1144,veh_586
1145,veh_5084
1146,veh_2107
1147,veh_5372
1148,veh_1842
1149,veh_2587
1150,veh_4143
1151,veh_5747
1152,veh_505
1153,veh_4614
1154,veh_5726
1155,veh_3339
1156,veh_4691
1157,veh_5473
1158,veh_801
1159,veh_2057
1160,veh_4451
1161,veh_3244
1162,veh_4889
1163,veh_1613
1164,veh_4986
1165,veh_4395
1166,veh_3882
1167,veh_192
1168,veh_2042
1169,veh_2943
1170,veh_4977
1171,veh_834
1172,veh_160
1173,veh_5438
1174,veh_2116
1175,veh_5364
1176,veh_2072
1177,veh_579
1178,veh_5611
1179,veh_3501
1180,veh_1075
1181,veh_3992
1182,veh_2186
1183,veh_2803
1184,veh_1822
1185,veh_2679
1186,veh_1206
1187,veh_21
1188,veh_2540
1189,veh_4097
1190,veh_1252
1191,veh_4212
1192,veh_1938
1193,veh_2033
1194,veh_5765
1195,veh_4179
1196,veh_514
1197,veh_2269
1198,veh_4565
1199,veh_3035
1200,veh_1600
1201,veh_660
1202,veh_565
1203,veh_5799
1204,veh_1538
1205,veh_4913
1206,veh_929
1207,veh_472
1208,veh_5018
1209,veh_5066
1210,veh_2515
1211,veh_4234
1212,veh_3808
1213,veh_734
1214,veh_3464
1215,veh_5002
1216,veh_4781
1217,veh_4952
1218,veh_1388
1219,veh_3579
1220,veh_2860
1221,veh_2911
1222,veh_3456
1223,veh_4325
1224,veh_5264
1225,veh_4746
1226,veh_3563
1227,veh_2585
1228,veh_4186
1229,veh_1280
1230,veh_4684
1231,veh_3045
1232,veh_2199
1233,veh_5324
1234,veh_5318
1235,veh_3970
1236,veh_3158
1237,veh_4012
1238,veh_2277
1239,veh_1243
1240,veh_1202
1241,veh_401
1242,veh_3346
1243,veh_5722
1244,veh_3012
1245,veh_2758
1246,veh_4641
1247,veh_617
1248,veh_4914
1249,veh_4052
1250,veh_4178
1251,veh_349
1252,veh_5462
1253,veh_4333
1254,veh_3189
1255,veh_1814
1256,veh_525
1257,veh_3400
1258,veh_3424
1259,veh_1890
1260,veh_4951
1261,veh_4620
1262,veh_4859
1263,veh_2783
1264,veh_663
1265,veh_3847
1266,veh_4241
1267,veh_1669
1268,veh_1456
1269,veh_4064
1270,veh_3739
1271,veh_4902
1272,veh_5257
1273,veh_3832
1274,veh_2061
1275,veh_3178
1276,veh_580
1277,veh_796
1278,veh_2648
1279,veh_587
1280,veh_775
1281,veh_821
1282,veh_4996
1283,veh_4349
1284,veh_4675
1285,veh_5034
1286,veh_4494
1287,veh_5273
1288,veh_1899
1289,veh_278
1290,veh_3169
1291,veh_2449
1292,veh_350
1293,veh_1315
1294,veh_1828
1295,veh_5485
1296,veh_2211
1297,veh_5538
1298,veh_1943
1299,veh_3930
1300,veh_199
1301,veh_3513
1302,veh_968
1303,veh_2612
1304,veh_4337
1305,veh_1005
1306,veh_5347
1307,veh_4185
1308,veh_1208
1309,veh_4885
1310,veh_2550
1311,veh_4452
1312,veh_4476
1313,veh_698
1314,veh_2152
1315,veh_4098
1316,veh_503
1317,veh_643
1318,veh_1285
1319,veh_3963
1320,veh_4488
1321,veh_1543
1322,veh_2314
1323,veh_2511
1324,veh_1659
1325,veh_143
1326,veh_4339
1327,veh_4114
1328,veh_4240
1329,veh_4778
1330,veh_2882
1331,veh_99
1332,veh_461
1333,veh_2417
1334,veh_254
1335,veh_1764
1336,veh_3121
1337,veh_551
1338,veh_5077
1339,veh_4081
1340,veh_4863
1341,veh_2470
1342,veh_2439
1343,veh_5447
1344,veh_569
1345,veh_757
1346,veh_3793
1347,veh_3395
1348,veh_1525
1349,veh_5593
1350,veh_1159
1351,veh_3527
1352,veh_3590
1353,veh_4151
1354,veh_5234
1355,veh_4288
1356,veh_3742
1357,veh_1057
1358,veh_3479
1359,veh_869
1360,veh_1020
1361,veh_2374
1362,veh_867
1363,veh_571
1364,veh_1837
1365,veh_3910
1366,veh_1585
1367,veh_4149
1368,veh_3286
1369,veh_4919
1370,veh_598
1371,veh_4106
1372,veh_5039
1373,veh_340
1374,veh_4796
1375,veh_5580
1376,veh_4791
1377,veh_464
1378,veh_3642
1379,veh_2106
1380,veh_5772
1381,veh_2000
1382,veh_3419
1383,veh_284
1384,veh_4470
1385,veh_3778
1386,veh_98
1387,veh_234
1388,veh_2767
1389,veh_2257
1390,veh_4172
1391,veh_5709
1392,veh_1949
1393,veh_5629
1394,veh_1805
1395,veh_4665
1396,veh_4772
1397,veh_832
1398,veh_68
1399,veh_1165
1400,veh_3570
1401,veh_3831
1402,veh_1209
1403,veh_4050
1404,veh_4204
1405,veh_1191
1406,veh_844
1407,veh_3366
1408,veh_5696
1409,veh_73
1410,veh_3790
1411,veh_1151
1412,veh_5743
1413,veh_2812
1414,veh_1487
1415,veh_5057
1416,veh_875
1417,veh_3349
1418,veh_4735
1419,veh_329
1420,veh_2091
1421,veh_4211
1422,veh_3818
1423,veh_4493
1424,veh_5499
1425,veh_1705
1426,veh_3800
1427,veh_361
1428,veh_283
1429,veh_5106
1430,veh_5531
1431,veh_5020
1432,veh_4513
1433,veh_5503
1434,veh_5568
1435,veh_682
1436,veh_1223
1437,veh_797
1438,veh_3102
1439,veh_3413
1440,veh_2096
1441,veh_1537
1442,veh_4794
1443,veh_1963
1444,veh_3538
1445,veh_2014
1446,veh_858
1447,veh_4720
1448,veh_2509
1449,veh_3054
1450,veh_2535
1451,veh_3312
1452,veh_5032
1453,veh_3645
1454,veh_4593
1455,veh_4007
1456,veh_408
1457,veh_4235
1458,veh_5781
1459,veh_861
1460,veh_3543
1461,veh_1418
1462,veh_5486
1463,veh_616
1464,veh_2360
1465,veh_4568
1466,veh_217
1467,veh_3287
1468,veh_3884
1469,veh_540
1470,veh_2629
1471,veh_476
1472,veh_1976
1473,veh_1840
1474,veh_3703
1475,veh_3591
1476,veh_5293
1477,veh_5251
1478,veh_4789
1479,veh_1074
1480,veh_1881
1481,veh_604
1482,veh_5322
1483,veh_1812
1484,veh_4780
1485,veh_5124
1486,veh_5088
1487,veh_3458
1488,veh_2183
1489,veh_432
1490,veh_3235
1491,veh_3843
1492,veh_3846
1493,veh_5796
1494,veh_1320
1495,veh_4474
1496,veh_480
1497,veh_356
1498,veh_930
1499,veh_315
1500,veh_1022
1501,veh_4075
1502,veh_800
1503,veh_4793
1504,veh_2720
1505,veh_4316
1506,veh_887
1507,veh_5174
1508,veh_1216
1509,veh_4782
1510,veh_2307
1511,veh_5408
1512,veh_5561
1513,veh_1913
1514,veh_4243
1515,veh_4809
1516,veh_4427
1517,veh_4000
1518,veh_3303
1519,veh_5520
1520,veh_5025
1521,veh_726
1522,veh_2040
1523,veh_4042
1524,veh_5213
1525,veh_3333
1526,veh_1998
1527,veh_471
1528,veh_2399
1529,veh_5798
1530,veh_2872
1531,veh_3159
1532,veh_2620
1533,veh_1658
1534,veh_2838
1535,veh_338
1536,veh_2712
1537,veh_5671
1538,veh_2890
1539,veh_5598
1540,veh_1329
1541,veh_4146
1542,veh_5783
1543,veh_2285
1544,veh_4678
1545,veh_3376
1546,veh_805
1547,veh_1265
1548,veh_4136
1549,veh_5409
1550,veh_693
1551,veh_1601
1552,veh_2909
1553,veh_1081
1554,veh_3288
1555,veh_1675
1556,veh_5141
1557,veh_4048
1558,veh_2112
1559,veh_4646
1560,veh_5000
1561,veh_1203
1562,veh_5379
1563,veh_3705
1564,veh_5664
1565,veh_3612
1566,veh_5651
1567,veh_183
1568,veh_1761
1569,veh_1407
1570,veh_4411
1571,veh_4356
1572,veh_2508
1573,veh_5545
1574,veh_1184
1575,veh_5397
1576,veh_1776
1577,veh_5493
1578,veh_4436
1579,veh_3695
1580,veh_4628
1581,veh_3735
1582,veh_5412
1583,veh_920
1584,veh_4117
1585,veh_4887
1586,veh_1568
1587,veh_4278
1588,veh_1816
1589,veh_1700
1590,veh_1352
1591,veh_5446
1592,veh_5121
1593,veh_5233
1594,veh_5219
1595,veh_3776
1596,veh_5207
1597,veh_2774
1598,veh_5697
1599,veh_1181
1600,veh_5738
1601,veh_91
1602,veh_3666
1603,veh_3138
1604,veh_4354
1605,veh_2337
1606,veh_5789
1607,veh_3891
1608,veh_410
1609,veh_67
1610,veh_232
1611,veh_144
1612,veh_2019
1613,veh_2690
1614,veh_178
1615,veh_4077
1616,veh_1224
1617,veh_3172
1618,veh_3537
1619,veh_1674
1620,veh_596
1621,veh_1733
1622,veh_2150
1623,veh_1724
1624,veh_3163
1625,veh_809
1626,veh_632
1627,veh_1937
1628,veh_396
1629,veh_5391
1630,veh_5146
1631,veh_2250
1632,veh_1737
1633,veh_4109
1634,veh_5261
1635,veh_444
1636,veh_3731
1637,veh_3852
1638,veh_4227
1639,veh_2521
1640,veh_4526
1641,veh_1802
1642,veh_1114
1643,veh_5112
1644,veh_4960
1645,veh_5724
1646,veh_5096
1647,veh_2219
1648,veh_1964
1649,veh_588
1650,veh_4804
1651,veh_1068
1652,veh_2446
1653,veh_443
1654,veh_3097
1655,veh_918
1656,veh_3498
1657,veh_3192
1658,veh_3772
1659,veh_2747
1660,veh_2836
1661,veh_1534
1662,veh_570
1663,veh_3258
1664,veh_2716
1665,veh_3023
1666,veh_293
1667,veh_223
1668,veh_4636
1669,veh_2288
1670,veh_4063
1671,veh_1043
1672,veh_1132
1673,veh_1940
1674,veh_3877
1675,veh_3007
1676,veh_1739
1677,veh_3549
1678,veh_2273
1679,veh_5680
1680,veh_2914
1681,veh_818
1682,veh_3986
1683,veh_4099
1684,veh_4847
1685,veh_3639
1686,veh_1031
1687,veh_1314
1688,veh_4815
1689,veh_1564
1690,veh_3744
1691,veh_1838
1692,veh_5013
1693,veh_2031
1694,veh_3724
1695,veh_4659
1696,veh_1215
1697,veh_600
1698,veh_2503
1699,veh_865
1700,veh_3267
1701,veh_1088
1702,veh_3682
1703,veh_5334
1704,veh_1634
1705,veh_4873
1706,veh_5247
1707,veh_1861
1708,veh_3782
1709,veh_4446
1710,veh_850
1711,veh_3756
1712,veh_1697
1713,veh_578
1714,veh_383
1715,veh_3548
1716,veh_3557
1717,veh_2295
1718,veh_5382
1719,veh_2063
1720,veh_2978
1721,veh_3568
1722,veh_4976
1723,veh_1956
1724,veh_3386
1725,veh_3273
1726,veh_1058
1727,veh_5479
1728,veh_1138
1729,veh_3017
1730,veh_1023
1731,veh_3617
1732,veh_1728
1733,veh_927
1734,veh_195
1735,veh_2372
1736,veh_4924
1737,veh_345
1738,veh_5380
1739,veh_2499
1740,veh_376
1741,veh_4707
1742,veh_2059
1743,veh_1146
1744,veh_1272
1745,veh_3839
1746,veh_5296
1747,veh_1211
1748,veh_3490
1749,veh_407
1750,veh_977
1751,veh_4267
1752,veh_5536
1753,veh_1934
1754,veh_960
1755,veh_4783
1756,veh_2613
1757,veh_4637
1758,veh_4375
1759,veh_1171
1760,veh_5208
1761,veh_3025
1762,veh_1536
1763,veh_2749
1764,veh_3440
1765,veh_5140
1766,veh_894
1767,veh_1339
1768,veh_827
1769,veh_1895
1770,veh_2212
1771,veh_3237
1772,veh_4069
1773,veh_3935
1774,veh_4721
1775,veh_4858
1776,veh_2555
1777,veh_713
1778,veh_2087
1779,veh_3383
1780,veh_1420
1781,veh_5718
1782,veh_128
1783,veh_1305
1784,veh_301
1785,veh_4118
1786,veh_5635
1787,veh_530
1788,veh_3689
1789,veh_526
1790,veh_933
1791,veh_3655
1792,veh_1959
1793,veh_888
1794,veh_5687
1795,veh_5792
1796,veh_5608
1797,veh_2615
1798,veh_2632
1799,veh_3229
1800,veh_873
1801,veh_5076
1802,veh_3824
1803,veh_303
1804,veh_3505
1805,veh_4535
1806,veh_1651
1807,veh_3486
1808,veh_2291
1809,veh_5468
1810,veh_258
1811,veh_673
1812,veh_4674
1813,veh_498
1814,veh_3588
1815,veh_4420
1816,veh_4601
1817,veh_1429
1818,veh_2624
1819,veh_4006
1820,veh_595
1821,veh_3763
1822,veh_1185
1823,veh_1950
1824,veh_3009
1825,veh_4203
1826,veh_104
1827,veh_2536
1828,veh_822
1829,veh_4404
1830,veh_322
1831,veh_5019
1832,veh_2895
1833,veh_5344
1834,veh_380
1835,veh_2770
1836,veh_1531
1837,veh_1926
1838,veh_3927
1839,veh_3428
1840,veh_2571
1841,veh_250
1842,veh_32
1843,veh_3074
1844,veh_5637
1845,veh_1623
1846,veh_2904
1847,veh_3311
1848,veh_1327
1849,veh_5148
1850,veh_2023
1851,veh_1759
1852,veh_3205
1853,veh_3569
1854,veh_2311
1855,veh_3694
1856,veh_3255
1857,veh_4369
1858,veh_2407
1859,veh_732
1860,veh_4650
1861,veh_2359
1862,veh_4751
1863,veh_824
1864,veh_2892
1865,veh_3815
1866,veh_2477
1867,veh_1017
1868,veh_5505
1869,veh_4732
1870,veh_4860
1871,veh_529
1872,veh_4922
1873,veh_3604
1874,veh_2043
1875,veh_1639
1876,veh_3653
1877,veh_1948
1878,veh_3340
1879,veh_4175
1880,veh_4841
1881,veh_1227
1882,veh_2325
1883,veh_1113
1884,veh_5757
1885,veh_3277
1886,veh_568
1887,veh_1065
1888,veh_1230
1889,veh_75
1890,veh_2278
1891,veh_5231
1892,veh_3518
1893,veh_1730
1894,veh_4170
1895,veh_4313
1896,veh_3876
1897,veh_1732
1898,veh_5648
1899,veh_5063
1900,veh_3868
1901,veh_707
1902,veh_3581
1903,veh_4303
1904,veh_3434
1905,veh_702
1906,veh_3944
1907,veh_4251
1908,veh_48
1909,veh_2024
1910,veh_3515
1911,veh_3313
1912,veh_622
1913,veh_4806
1914,veh_4807
1915,veh_798
1916,veh_5470
1917,veh_159
1918,veh_3489
1919,veh_5033
1920,veh_942
1921,veh_2923
1922,veh_1500
1923,veh_4812
1924,veh_5401
1925,veh_1221
1926,veh_2851
1927,veh_4347
1928,veh_2605
1929,veh_5785
1930,veh_5203
1931,veh_5589
1932,veh_235
1933,veh_4370
1934,veh_2220
1935,veh_2818
1936,veh_1212
1937,veh_4606
1938,veh_1219
1939,veh_3307
1940,veh_2228
1941,veh_1276
1942,veh_5298
1943,veh_4874
1944,veh_385
1945,veh_4391
1946,veh_4953
1947,veh_1552
1948,veh_2004
1949,veh_1876
1950,veh_1522
1951,veh_1190
1952,veh_2916
1953,veh_4528
1954,veh_4502
1955,veh_1660
1956,veh_4213
1957,veh_4487
1958,veh_783
1959,veh_982
1960,veh_4053
1961,veh_4823
1962,veh_156
1963,veh_5244
1964,veh_3101
1965,veh_841
1966,veh_4085
1967,veh_730
1968,veh_2950
1969,veh_1475
1970,veh_4049
1971,veh_2969
1972,veh_528
1973,veh_133
1974,veh_2238
1975,veh_3466
1976,veh_5178
1977,veh_5610
1978,veh_4586
1979,veh_3281
1980,veh_4801
1981,veh_2313
1982,veh_3093
1983,veh_4121
1984,veh_4991
1985,veh_3853
1986,veh_5656
1987,veh_1178
1988,veh_4174
1989,veh_5122
1990,veh_267
1991,veh_650
1992,veh_4403
1993,veh_739
1994,veh_1172
1995,veh_3888
1996,veh_2154
1997,veh_129
1998,veh_5362
1999,veh_2652
2000,veh_1633
2001,veh_4129
2002,veh_4850
2003,veh_5255
2004,veh_2932
2005,veh_244
2006,veh_1112
2007,veh_5189
2008,veh_3212
2009,veh_2876
2010,veh_3987
2011,veh_877
2012,veh_2975
2013,veh_4044
2014,veh_4657
2015,veh_1468
2016,veh_5393
2017,veh_5570
2018,veh_2874
2019,veh_3665
2020,veh_605
2021,veh_1008
2022,veh_1069
2023,veh_1205
2024,veh_3187
2025,veh_2338
2026,veh_856
2027,veh_3755
2028,veh_287
2029,veh_2147
2030,veh_5619
2031,veh_953
2032,veh_5149
2033,veh_2841
2034,veh_5350
2035,veh_3130
2036,veh_558
2037,veh_512
2038,veh_1636
2039,veh_3848
2040,veh_440
2041,veh_5654
2042,veh_3499
2043,veh_172
2044,veh_705
2045,veh_1195
2046,veh_3671
2047,veh_4310
2048,veh_5211
2049,veh_1578
2050,veh_557
2051,veh_4291
2052,veh_5494
2053,veh_3232
2054,veh_4836
2055,veh_5741
2056,veh_1438
2057,veh_4603
2058,veh_1662
2059,veh_517
2060,veh_4414
2061,veh_3360
2062,veh_2832
2063,veh_1465
2064,veh_1350
2065,veh_5662
2066,veh_3532
2067,veh_4374
2068,veh_294
2069,veh_3049
2070,veh_2650
2071,veh_4296
2072,veh_2692
2073,veh_3886
2074,veh_4101
2075,veh_3143
2076,veh_2136
2077,veh_4536
2078,veh_335
2079,veh_5091
2080,veh_3589
2081,veh_2764
2082,veh_5514
2083,veh_5070
2084,veh_4972
2085,veh_1784
2086,veh_1298
2087,veh_958
2088,veh_4553
2089,veh_3890
2090,veh_2847
2091,veh_1338
2092,veh_3934
2093,veh_5600
2094,veh_434
2095,veh_3711
2096,veh_1679
2097,veh_103
2098,veh_1962
2099,veh_5101
2100,veh_3760
2101,veh_3387
2102,veh_3425
2103,veh_4733
2104,veh_1368
2105,veh_5554
2106,veh_5454
2107,veh_2992
2108,veh_1497
2109,veh_4740
2110,veh_470
2111,veh_4607
2112,veh_2987
2113,veh_969
2114,veh_130
2115,veh_4748
2116,veh_3437
2117,veh_5555
2118,veh_5675
2119,veh_3365
2120,veh_2286
2121,veh_87
2122,veh_237
2123,veh_532
2124,veh_3693
2125,veh_5238
2126,veh_2356
2127,veh_710
2128,veh_1466
2129,veh_4287
2130,veh_1839
2131,veh_981
2132,veh_3044
2133,veh_690
2134,veh_5179
2135,veh_1619
2136,veh_3146
2137,veh_2018
2138,veh_492
2139,veh_4189
2140,veh_2730
2141,veh_1349
2142,veh_210
2143,veh_2858
2144,veh_3521
2145,veh_4865
2146,veh_163
2147,veh_3503
2148,veh_2973
2149,veh_5410
2150,veh_3206
2151,veh_4680
2152,veh_2034
2153,veh_5685
2154,veh_2272
2155,veh_3681
2156,veh_543
2157,veh_813
2158,veh_2741
2159,veh_1907
2160,veh_1958
2161,veh_731
2162,veh_5569
2163,veh_3161
2164,veh_15
2165,veh_1120
2166,veh_2139
2167,veh_1931
2168,veh_3691
2169,veh_3
2170,veh_3912
2171,veh_5145
2172,veh_1847
2173,veh_1495
2174,veh_1127
2175,veh_2206
2176,veh_4062
2177,veh_2213
2178,veh_1061
2179,veh_2940
2180,veh_4190
2181,veh_678
2182,veh_1884
2183,veh_241
2184,veh_5386
2185,veh_3794
2186,veh_1769
2187,veh_2995
2188,veh_5001
2189,veh_4867
2190,veh_2466
2191,veh_365
2192,veh_1760
2193,veh_158
2194,veh_683
2195,veh_997
2196,veh_2038
2197,veh_3329
2198,veh_3442
2199,veh_1141
2200,veh_2304
2201,veh_2298
2202,veh_5253
2203,veh_1226
2204,veh_238
2205,veh_4640
2206,veh_247
2207,veh_1417
2208,veh_3308
2209,veh_3679
2210,veh_3625
2211,veh_4035
2212,veh_2189
2213,veh_2275
2214,veh_2942
2215,veh_1256
2216,veh_5591
2217,veh_721
2218,veh_448
2219,veh_3174
2220,veh_4759
2221,veh_1596
2222,veh_1641
2223,veh_3842
2224,veh_66
2225,veh_5643
2226,veh_3140
2227,veh_3879
2228,veh_5327
2229,veh_1648
2230,veh_1655
2231,veh_1089
2232,veh_945
2233,veh_1611
2234,veh_4424
2235,veh_4669
2236,veh_1121
2237,veh_1045
2238,veh_5222
2239,veh_4811
2240,veh_5259
2241,veh_1344
2242,veh_548
2243,veh_4875
2244,veh_2225
2245,veh_1381
2246,veh_4368
2247,veh_5331
2248,veh_3420
2249,veh_2452
2250,veh_2485
2251,veh_27
2252,veh_4627
2253,veh_4430
2254,veh_4648
2255,veh_3922
2256,veh_4195
2257,veh_170
2258,veh_5571
2259,veh_5305
2260,veh_264
2261,veh_3252
2262,veh_2607
2263,veh_1830
2264,veh_1565
2265,veh_5612
2266,veh_5745
2267,veh_2742
2268,veh_1147
2269,veh_1485
2270,veh_2074
2271,veh_2794
2272,veh_896
2273,veh_2746
2274,veh_3523
2275,veh_367
2276,veh_4499
2277,veh_2707
2278,veh_5433
2279,veh_4378
2280,veh_4362
2281,veh_173
2282,veh_1811
2283,veh_3697
2284,veh_661
2285,veh_3998
2286,veh_1875
2287,veh_2850
2288,veh_2026
2289,veh_1856
2290,veh_962
2291,veh_1122
2292,veh_794
2293,veh_4558
2294,veh_1007
2295,veh_655
2296,veh_2117
2297,veh_2180
2298,veh_1432
2299,veh_966
2300,veh_3953
2301,veh_2708
2302,veh_2422
2303,veh_963
2304,veh_1965
2305,veh_509
2306,veh_2012
2307,veh_3068
2308,veh_5044
2309,veh_1789
2310,veh_4388
2311,veh_5727
2312,veh_611
2313,veh_5242
2314,veh_1453
2315,veh_670
2316,veh_4055
2317,veh_3965
2318,veh_4538
2319,veh_1604
